<?xml version="1.0" encoding="UTF-8"?>
<metadata xml:lang="en"><Esri><CreaDate>20170215</CreaDate><CreaTime>16520100</CreaTime><SyncOnce>FALSE</SyncOnce><DataProperties><lineage><Process Name="Create Feature Class" ToolSource="C:\Program Files\ArcGIS\ArcToolbox\Toolboxes\Data Management Tools.tbx\CreateFeatureclass" Date="20070823" Time="085046" export="">CreateFeatureclass "T:\Planning\Laura Goddard\SHLAA.mdb\SHLAA sites" SHLA_sites_FINAL # SHLAA_sites_DRAFT_Layer SAME_AS_TEMPLATE SAME_AS_TEMPLATE "PROJCS['British_National_Grid',GEOGCS['GCS_OSGB_1936',DATUM['D_OSGB_1936',SPHEROID['Airy_1830',6377563.396,299.3249646]],PRIMEM['Greenwich',0.0],UNIT['Degree',0.0174532925199433]],PROJECTION['Transverse_Mercator'],PARAMETER['False_Easting',400000.0],PARAMETER['False_Northing',-100000.0],PARAMETER['Central_Meridian',-2.0],PARAMETER['Scale_Factor',0.999601272],PARAMETER['Latitude_Of_Origin',49.0],UNIT['Meter',1.0]];435348.305808 189478.783808 62499.9999417923;0 100000;0 100000" # 0 0 0 "T:\Planning\Laura Goddard\SHLAA.mdb\SHLAA sites\SHLA_sites_FINAL"</Process><Process Name="Append" ToolSource="C:\Program Files\ArcGIS\ArcToolbox\Toolboxes\Data Management Tools.tbx\Append" Date="20070823" Time="085047" export="">Append SHLAA_sites_DRAFT_Layer "T:\Planning\Laura Goddard\SHLAA.mdb\SHLAA sites\SHLA_sites_FINAL" TEST "T:\Planning\Laura Goddard\SHLAA.mdb\SHLAA sites\SHLA_sites_FINAL"</Process><Process Name="FeatureClassToFeatureClass_1" ToolSource="C:\Program Files\ArcGIS\ArcToolbox\Toolboxes\Conversion Tools.tbx\FeatureClassToFeatureClass" Date="20070823" Time="085047" export="">FeatureClassToFeatureClass "T:\Planning\Laura Goddard\SHLAA.mdb\SHLAA sites\SHLAA_sites_DRAFT" "T:\Planning\Laura Goddard\SHLAA.mdb\SHLAA sites" SHLA_sites_FINAL # "SHAPE_Length SHAPE_Length VISIBLE;SHAPE_Area SHAPE_Area VISIBLE;Site Site VISIBLE;Map_number Map_number VISIBLE" SAME_AS_TEMPLATE SAME_AS_TEMPLATE # 0 "T:\Planning\Laura Goddard\SHLAA.mdb\SHLAA sites\SHLA_sites_FINAL"</Process><Process Name="FeatureClassToFeatureClass_1" ToolSource="C:\Program Files\ArcGIS\ArcToolbox\Toolboxes\Conversion Tools.tbx\FeatureClassToFeatureClass" Date="20100111" Time="145412" export="">FeatureClassToFeatureClass "T:\Planning\Laura Goddard\LDF Projects\SHLAA\Data\SHLAA.mdb\SHLAA sites\SHLAA_sites_FINAL" "T:\Planning\Laura Goddard\LDF Projects\Sites DPD\Site_Allocations.mdb\Site_Allocations_Files" CallForSites # "Site Site true true false 50 Text 0 0 ,First,#,T:\Planning\Laura Goddard\LDF Projects\SHLAA\Data\SHLAA.mdb\SHLAA sites\SHLAA_sites_FINAL,Site,-1,-1;Map_number Map_number true true false 50 Text 0 0 ,First,#,T:\Planning\Laura Goddard\LDF Projects\SHLAA\Data\SHLAA.mdb\SHLAA sites\SHLAA_sites_FINAL,Map_number,-1,-1;SHAPE_Length SHAPE_Length false true true 8 Double 0 0 ,First,#,T:\Planning\Laura Goddard\LDF Projects\SHLAA\Data\SHLAA.mdb\SHLAA sites\SHLAA_sites_FINAL,SHAPE_Length,-1,-1;SHAPE_Area SHAPE_Area false true true 8 Double 0 0 ,First,#,T:\Planning\Laura Goddard\LDF Projects\SHLAA\Data\SHLAA.mdb\SHLAA sites\SHLAA_sites_FINAL,SHAPE_Area,-1,-1;SHLAA_stage SHLAA_stage true true false 20 Text 0 0 ,First,#,T:\Planning\Laura Goddard\LDF Projects\SHLAA\Data\SHLAA.mdb\SHLAA sites\SHLAA_sites_FINAL,SHLAA_stage,-1,-1;Suitability_housing Suitability_housing true true false 5 Text 0 0 ,First,#,T:\Planning\Laura Goddard\LDF Projects\SHLAA\Data\SHLAA.mdb\SHLAA sites\SHLAA_sites_FINAL,Suitability_housing,-1,-1;Timescale Timescale true true false 15 Text 0 0 ,First,#,T:\Planning\Laura Goddard\LDF Projects\SHLAA\Data\SHLAA.mdb\SHLAA sites\SHLAA_sites_FINAL,Timescale,-1,-1;Developable_deliverable Developable_deliverable true true false 20 Text 0 0 ,First,#,T:\Planning\Laura Goddard\LDF Projects\SHLAA\Data\SHLAA.mdb\SHLAA sites\SHLAA_sites_FINAL,Developable_deliverable,-1,-1;Stage Stage true true false 2 Text 0 0 ,First,#,T:\Planning\Laura Goddard\LDF Projects\SHLAA\Data\SHLAA.mdb\SHLAA sites\SHLAA_sites_FINAL,Stage,-1,-1;LP_policy LP_policy true true false 8 Text 0 0 ,First,#,T:\Planning\Laura Goddard\LDF Projects\SHLAA\Data\SHLAA.mdb\SHLAA sites\SHLAA_sites_FINAL,LP_policy,-1,-1;SuitableMapNumber SuitableMapNumber true true false 5 Text 0 0 ,First,#,T:\Planning\Laura Goddard\LDF Projects\SHLAA\Data\SHLAA.mdb\SHLAA sites\SHLAA_sites_FINAL,SuitableMapNumber,-1,-1;Capacity Capacity true true false 2 Short 0 0 ,First,#,T:\Planning\Laura Goddard\LDF Projects\SHLAA\Data\SHLAA.mdb\SHLAA sites\SHLAA_sites_FINAL,Capacity,-1,-1" # "T:\Planning\Laura Goddard\LDF Projects\Sites DPD\Site_Allocations.mdb\Site_Allocations_Files\CallForSites"</Process><Process Name="FeatureClassToFeatureClass_1" ToolSource="C:\Program Files\ArcGIS\ArcToolbox\Toolboxes\Conversion Tools.tbx\FeatureClassToFeatureClass" Date="20110325" Time="143641" export="">FeatureClassToFeatureClass "T:\Planning\Laura Goddard\LDF Projects\Sites DPD\Site_Allocations.mdb\Site_Allocations_Files\SitesDatabaseAll" "T:\Planning\Laura Goddard\LDF Projects\Sites DPD\Site_Allocations.mdb\Site_Allocations_Files" SitesDatabaseOptions # "Site Site true true false 50 Text 0 0 ,First,#,T:\Planning\Laura Goddard\LDF Projects\Sites DPD\Site_Allocations.mdb\Site_Allocations_Files\SitesDatabaseAll,Site,-1,-1;Shape_Length Shape_Length false true true 8 Double 0 0 ,First,#,T:\Planning\Laura Goddard\LDF Projects\Sites DPD\Site_Allocations.mdb\Site_Allocations_Files\SitesDatabaseAll,Shape_Length,-1,-1;Shape_Area Shape_Area false true true 8 Double 0 0 ,First,#,T:\Planning\Laura Goddard\LDF Projects\Sites DPD\Site_Allocations.mdb\Site_Allocations_Files\SitesDatabaseAll,Shape_Area,-1,-1;HowIdentified HowIdentified true true false 25 Text 0 0 ,First,#,T:\Planning\Laura Goddard\LDF Projects\Sites DPD\Site_Allocations.mdb\Site_Allocations_Files\SitesDatabaseAll,HowIdentified,-1,-1;ReferenceNo ReferenceNo true true false 2 Short 0 0 ,First,#,T:\Planning\Laura Goddard\LDF Projects\Sites DPD\Site_Allocations.mdb\Site_Allocations_Files\SitesDatabaseAll,ReferenceNo,-1,-1;In_at_Stage_1 In_at_Stage_1 true true false 5 Text 0 0 ,First,#,T:\Planning\Laura Goddard\LDF Projects\Sites DPD\Site_Allocations.mdb\Site_Allocations_Files\SitesDatabaseAll,In_at_Stage_1,-1,-1;In_at_Stage_2 In_at_Stage_2 true true false 5 Text 0 0 ,First,#,T:\Planning\Laura Goddard\LDF Projects\Sites DPD\Site_Allocations.mdb\Site_Allocations_Files\SitesDatabaseAll,In_at_Stage_2,-1,-1;In_at_Stage_3 In_at_Stage_3 true true false 5 Text 0 0 ,First,#,T:\Planning\Laura Goddard\LDF Projects\Sites DPD\Site_Allocations.mdb\Site_Allocations_Files\SitesDatabaseAll,In_at_Stage_3,-1,-1;In_at_Stage_6 In_at_Stage_6 true true false 50 Text 0 0 ,First,#,T:\Planning\Laura Goddard\LDF Projects\Sites DPD\Site_Allocations.mdb\Site_Allocations_Files\SitesDatabaseAll,In_at_Stage_6,-1,-1;In_at_Stage_4_5 In_at_Stage_4_5 true true false 15 Text 0 0 ,First,#,T:\Planning\Laura Goddard\LDF Projects\Sites DPD\Site_Allocations.mdb\Site_Allocations_Files\SitesDatabaseAll,In_at_Stage_4_5,-1,-1;EventCategory EventCategory true true false 100 Text 0 0 ,First,#,T:\Planning\Laura Goddard\LDF Projects\Sites DPD\Site_Allocations.mdb\Site_Allocations_Files\SitesDatabaseAll,EventCategory,-1,-1;PubRef PubRef true true false 10 Text 0 0 ,First,#,T:\Planning\Laura Goddard\LDF Projects\Sites DPD\Site_Allocations.mdb\Site_Allocations_Files\SitesDatabaseAll,PubRef,-1,-1;PostPreOptionsNewSite PostPreOptionsNewSite true true false 10 Text 0 0 ,First,#,T:\Planning\Laura Goddard\LDF Projects\Sites DPD\Site_Allocations.mdb\Site_Allocations_Files\SitesDatabaseAll,PostPreOptionsNewSite,-1,-1" # "T:\Planning\Laura Goddard\LDF Projects\Sites DPD\Site_Allocations.mdb\Site_Allocations_Files\SitesDatabaseOptions"</Process><Process ToolSource="C:\Program Files\ArcGIS\ArcToolbox\Toolboxes\Conversion Tools.tbx\FeatureClassToFeatureClass" Date="20110923" Time="144102" Name="" export="">FeatureClassToFeatureClass "T:\Planning\Laura Goddard\LDF Projects\Sites DPD\Site_Allocations.mdb\Site_Allocations_Files\SitesDatabaseOptions" "T:\Planning\Laura Goddard\LDF Projects\Sites DPD\Site_Allocations.mdb\Site_Allocations_Files" Sites_ProposedSubmission # "Site 'Site' true true false 50 Text 0 0 ,First,#,T:\Planning\Laura Goddard\LDF Projects\Sites DPD\Site_Allocations.mdb\Site_Allocations_Files\SitesDatabaseOptions,Site,-1,-1;PubRef 'PubRef' true true false 10 Text 0 0 ,First,#,T:\Planning\Laura Goddard\LDF Projects\Sites DPD\Site_Allocations.mdb\Site_Allocations_Files\SitesDatabaseOptions,PubRef,-1,-1;Shape_Length 'Shape_Length' false true true 8 Double 0 0 ,First,#,T:\Planning\Laura Goddard\LDF Projects\Sites DPD\Site_Allocations.mdb\Site_Allocations_Files\SitesDatabaseOptions,Shape_Length,-1,-1;Shape_Area 'Shape_Area' false true true 8 Double 0 0 ,First,#,T:\Planning\Laura Goddard\LDF Projects\Sites DPD\Site_Allocations.mdb\Site_Allocations_Files\SitesDatabaseOptions,Shape_Area,-1,-1;PreferredOption 'PreferredOption' true true false 50 Text 0 0 ,First,#,T:\Planning\Laura Goddard\LDF Projects\Sites DPD\Site_Allocations.mdb\Site_Allocations_Files\SitesDatabaseOptions,PreferredOption,-1,-1;Area 'Area' true true false 36 Text 0 0 ,First,#,T:\Planning\Laura Goddard\LDF Projects\Sites DPD\Site_Allocations.mdb\Site_Allocations_Files\SitesDatabaseOptions,Area,-1,-1" # "T:\Planning\Laura Goddard\LDF Projects\Sites DPD\Site_Allocations.mdb\Site_Allocations_Files\Sites_ProposedSubmission"</Process><Process ToolSource="C:\Program Files\ArcGIS\ArcToolbox\Toolboxes\Conversion Tools.tbx\FeatureClassToFeatureClass" Date="20121204" Time="152624" Name="" export="">FeatureClassToFeatureClass "T:\Planning\Laura Goddard\LDF Projects\Sites DPD\Site_Allocations.mdb\Site_Allocations_Files\SitesDatabase_ProposedSubmission" "T:\Planning\Laura Goddard\LDF Projects\Sites DPD\Site_Allocations.mdb\Site_Allocations_Files" SitesDatabase_Adopted # "Site 'Site' true true false 50 Text 0 0 ,First,#,T:\Planning\Laura Goddard\LDF Projects\Sites DPD\Site_Allocations.mdb\Site_Allocations_Files\SitesDatabase_ProposedSubmission,Site,-1,-1;PubRef 'PubRef' true true false 10 Text 0 0 ,First,#,T:\Planning\Laura Goddard\LDF Projects\Sites DPD\Site_Allocations.mdb\Site_Allocations_Files\SitesDatabase_ProposedSubmission,PubRef,-1,-1;PreferredOption 'PreferredOption' true true false 50 Text 0 0 ,First,#,T:\Planning\Laura Goddard\LDF Projects\Sites DPD\Site_Allocations.mdb\Site_Allocations_Files\SitesDatabase_ProposedSubmission,PreferredOption,-1,-1;Area 'Area' true true false 36 Text 0 0 ,First,#,T:\Planning\Laura Goddard\LDF Projects\Sites DPD\Site_Allocations.mdb\Site_Allocations_Files\SitesDatabase_ProposedSubmission,Area,-1,-1;Shape_Length 'Shape_Length' false true true 8 Double 0 0 ,First,#,T:\Planning\Laura Goddard\LDF Projects\Sites DPD\Site_Allocations.mdb\Site_Allocations_Files\SitesDatabase_ProposedSubmission,Shape_Length,-1,-1;Shape_Area 'Shape_Area' false true true 8 Double 0 0 ,First,#,T:\Planning\Laura Goddard\LDF Projects\Sites DPD\Site_Allocations.mdb\Site_Allocations_Files\SitesDatabase_ProposedSubmission,Shape_Area,-1,-1;PolicyNumber 'PolicyNumber' true true false 5 Text 0 0 ,First,#,T:\Planning\Laura Goddard\LDF Projects\Sites DPD\Site_Allocations.mdb\Site_Allocations_Files\SitesDatabase_ProposedSubmission,PolicyNumber,-1,-1;Use 'Use' true true false 50 Text 0 0 ,First,#,T:\Planning\Laura Goddard\LDF Projects\Sites DPD\Site_Allocations.mdb\Site_Allocations_Files\SitesDatabase_ProposedSubmission,Use,-1,-1" # "T:\Planning\Laura Goddard\LDF Projects\Sites DPD\Site_Allocations.mdb\Site_Allocations_Files\SitesDatabase_Adopted"</Process><Process ToolSource="C:\Program Files\ArcGIS\ArcToolbox\Toolboxes\Conversion Tools.tbx\FeatureClassToFeatureClass" Date="20130225" Time="113112" Name="" export="">FeatureClassToFeatureClass "T:\Planning\Laura Goddard\LDF Projects\Sites DPD\Site_Allocations.mdb\Site_Allocations_Files\SitesDatabase_Adopted" "T:\Planning\Laura Goddard\LDF Projects\POLICIES MAP" "Site Allocations Adopted.shp" # "Site 'Site' true true false 50 Text 0 0 ,First,#,T:\Planning\Laura Goddard\LDF Projects\Sites DPD\Site_Allocations.mdb\Site_Allocations_Files\SitesDatabase_Adopted,Site,-1,-1;PubRef 'PubRef' true true false 10 Text 0 0 ,First,#,T:\Planning\Laura Goddard\LDF Projects\Sites DPD\Site_Allocations.mdb\Site_Allocations_Files\SitesDatabase_Adopted,PubRef,-1,-1;PreferredO 'PreferredO' true true false 50 Text 0 0 ,First,#,T:\Planning\Laura Goddard\LDF Projects\Sites DPD\Site_Allocations.mdb\Site_Allocations_Files\SitesDatabase_Adopted,PreferredOption,-1,-1;Area 'Area' true true false 36 Text 0 0 ,First,#,T:\Planning\Laura Goddard\LDF Projects\Sites DPD\Site_Allocations.mdb\Site_Allocations_Files\SitesDatabase_Adopted,Area,-1,-1;PolicyNumb 'PolicyNumb' true true false 5 Text 0 0 ,First,#,T:\Planning\Laura Goddard\LDF Projects\Sites DPD\Site_Allocations.mdb\Site_Allocations_Files\SitesDatabase_Adopted,PolicyNumber,-1,-1;Use 'Use' true true false 50 Text 0 0 ,First,#,T:\Planning\Laura Goddard\LDF Projects\Sites DPD\Site_Allocations.mdb\Site_Allocations_Files\SitesDatabase_Adopted,Use,-1,-1;Shape_Leng 'Shape_Length' false true true 8 Double 0 0 ,First,#,T:\Planning\Laura Goddard\LDF Projects\Sites DPD\Site_Allocations.mdb\Site_Allocations_Files\SitesDatabase_Adopted,Shape_Length,-1,-1;Shape_Area 'Shape_Area' false true true 8 Double 0 0 ,First,#,T:\Planning\Laura Goddard\LDF Projects\Sites DPD\Site_Allocations.mdb\Site_Allocations_Files\SitesDatabase_Adopted,Shape_Area,-1,-1" # "T:\Planning\Laura Goddard\LDF Projects\POLICIES MAP\Site Allocations Adopted.shp"</Process><Process ToolSource="C:\Program Files\ArcGIS\ArcToolbox\Toolboxes\Conversion Tools.tbx\FeatureClassToFeatureClass" Date="20130225" Time="113859" Name="" export="">FeatureClassToFeatureClass "T:\Planning\Laura Goddard\LDF Projects\POLICIES MAP\Site Allocations Adopted.shp" "T:\Planning\Laura Goddard\LDF Projects\POLICIES MAP\Policies Map Adopted 2013.gdb" SiteAllocations # "Site 'Site' true true false 50 Text 0 0 ,First,#,T:\Planning\Laura Goddard\LDF Projects\POLICIES MAP\Site Allocations Adopted.shp,Site,-1,-1;PubRef 'PubRef' true true false 10 Text 0 0 ,First,#,T:\Planning\Laura Goddard\LDF Projects\POLICIES MAP\Site Allocations Adopted.shp,PubRef,-1,-1;PreferredO 'PreferredO' true true false 50 Text 0 0 ,First,#,T:\Planning\Laura Goddard\LDF Projects\POLICIES MAP\Site Allocations Adopted.shp,PreferredO,-1,-1;Area 'Area' true true false 36 Text 0 0 ,First,#,T:\Planning\Laura Goddard\LDF Projects\POLICIES MAP\Site Allocations Adopted.shp,Area,-1,-1;PolicyNumb 'PolicyNumb' true true false 5 Text 0 0 ,First,#,T:\Planning\Laura Goddard\LDF Projects\POLICIES MAP\Site Allocations Adopted.shp,PolicyNumb,-1,-1;Use 'Use' true true false 50 Text 0 0 ,First,#,T:\Planning\Laura Goddard\LDF Projects\POLICIES MAP\Site Allocations Adopted.shp,Use,-1,-1;Shape_Leng 'Shape_Leng' true true false 19 Double 0 0 ,First,#,T:\Planning\Laura Goddard\LDF Projects\POLICIES MAP\Site Allocations Adopted.shp,Shape_Leng,-1,-1;Shape_Area 'Shape_Area' true true false 19 Double 0 0 ,First,#,T:\Planning\Laura Goddard\LDF Projects\POLICIES MAP\Site Allocations Adopted.shp,Shape_Area,-1,-1" # "T:\Planning\Laura Goddard\LDF Projects\POLICIES MAP\Policies Map Adopted 2013.gdb\SiteAllocations"</Process><Process ToolSource="c:\program files (x86)\arcgis\desktop10.2\ArcToolbox\Toolboxes\Data Management Tools.tbx\CalculateField" Date="20160318" Time="143508" Name="" export="">CalculateField SHLAA_Sites_Supplement_Doc_Jan2015 Category "Call for sites" VB #</Process><Process ToolSource="c:\program files (x86)\arcgis\desktop10.2\ArcToolbox\Toolboxes\Data Management Tools.tbx\CalculateField" Date="20160318" Time="143548" Name="" export="">CalculateField SHLAA_Sites_Supplement_Doc_Jan2015 Category "Commitments - Student Accommodation" VB #</Process><Process ToolSource="c:\program files (x86)\arcgis\desktop10.2\ArcToolbox\Toolboxes\Data Management Tools.tbx\CalculateField" Date="20160318" Time="143559" Name="" export="">CalculateField SHLAA_Sites_Supplement_Doc_Jan2015 Category "Commitments" VB #</Process><Process ToolSource="c:\program files (x86)\arcgis\desktop10.2\ArcToolbox\Toolboxes\Data Management Tools.tbx\CalculateField" Date="20160318" Time="143647" Name="" export="">CalculateField SHLAA_Sites_Supplement_Doc_Jan2015 Category "Commitments - student accommodation" VB #</Process><Process ToolSource="c:\program files (x86)\arcgis\desktop10.2\ArcToolbox\Toolboxes\Data Management Tools.tbx\CalculateField" Date="20160318" Time="143704" Name="" export="">CalculateField SHLAA_Sites_Supplement_Doc_Jan2015 Category "Core strategy" VB #</Process><Process ToolSource="c:\program files (x86)\arcgis\desktop10.2\ArcToolbox\Toolboxes\Data Management Tools.tbx\CalculateField" Date="20160318" Time="143742" Name="" export="">CalculateField SHLAA_Sites_Supplement_Doc_Jan2015 Category "Call For Sites" VB #</Process><Process ToolSource="c:\program files (x86)\arcgis\desktop10.2\ArcToolbox\Toolboxes\Data Management Tools.tbx\CalculateField" Date="20160318" Time="143757" Name="" export="">CalculateField SHLAA_Sites_Supplement_Doc_Jan2015 Category "Commitments - Student Accommodation" VB #</Process><Process ToolSource="c:\program files (x86)\arcgis\desktop10.2\ArcToolbox\Toolboxes\Data Management Tools.tbx\CalculateField" Date="20160318" Time="143810" Name="" export="">CalculateField SHLAA_Sites_Supplement_Doc_Jan2015 Category "Core Strategy" VB #</Process><Process ToolSource="c:\program files (x86)\arcgis\desktop10.2\ArcToolbox\Toolboxes\Data Management Tools.tbx\CalculateField" Date="20160318" Time="143821" Name="" export="">CalculateField SHLAA_Sites_Supplement_Doc_Jan2015 Category "Lapsed Permission" VB #</Process><Process ToolSource="c:\program files (x86)\arcgis\desktop10.2\ArcToolbox\Toolboxes\Data Management Tools.tbx\CalculateField" Date="20160318" Time="143830" Name="" export="">CalculateField SHLAA_Sites_Supplement_Doc_Jan2015 Category "Map Survey" VB #</Process><Process ToolSource="c:\program files (x86)\arcgis\desktop10.2\ArcToolbox\Toolboxes\Data Management Tools.tbx\CalculateField" Date="20160318" Time="143851" Name="" export="">CalculateField SHLAA_Sites_Supplement_Doc_Jan2015 Category "Other Sites Previously Identified" VB #</Process><Process ToolSource="c:\program files (x86)\arcgis\desktop10.2\ArcToolbox\Toolboxes\Data Management Tools.tbx\CalculateField" Date="20160318" Time="143940" Name="" export="">CalculateField SHLAA_Sites_Supplement_Doc_Jan2015 Category "Sites and Housing Plan Allocation" VB #</Process><Process ToolSource="c:\program files (x86)\arcgis\desktop10.2\ArcToolbox\Toolboxes\Data Management Tools.tbx\CalculateField" Date="20160318" Time="144016" Name="" export="">CalculateField SHLAA_Sites_Supplement_Doc_Jan2015 Category "Sites and Housing Rejected Site" VB #</Process><Process ToolSource="c:\program files (x86)\arcgis\desktop10.2\ArcToolbox\Toolboxes\Data Management Tools.tbx\CalculateField" Date="20160318" Time="144038" Name="" export="">CalculateField SHLAA_Sites_Supplement_Doc_Jan2015 Category "Unprotected Employment Site" VB #</Process><Process ToolSource="c:\program files (x86)\arcgis\desktop10.2\ArcToolbox\Toolboxes\Data Management Tools.tbx\CalculateField" Date="20160318" Time="150315" Name="" export="">CalculateField SHLAA_Sites_Supplement_Doc_Jan2015 Dupe isDuplicate( !Reference! ) PYTHON_9.3 "uniqueList = []\ndef isDuplicate(inValue):\n  if inValue in uniqueList:\n    return 1\n  else:\n    uniqueList.append(inValue)\n    return 0\n"</Process><Process ToolSource="c:\program files (x86)\arcgis\desktop10.2\ArcToolbox\Toolboxes\Data Management Tools.tbx\CalculateField" Date="20160318" Time="150326" Name="" export="">CalculateField SHLAA_Sites_Supplement_Doc_Jan2015 Dupe isDuplicate( !Reference! ) PYTHON_9.3 "uniqueList = []\ndef isDuplicate(inValue):\n  if inValue in uniqueList:\n    return 1\n  else:\n    uniqueList.append(inValue)\n    return 0\n"</Process><Process ToolSource="c:\program files (x86)\arcgis\desktop10.2\ArcToolbox\Toolboxes\Data Management Tools.tbx\CopyFeatures" Date="20160318" Time="155402" Name="" export="">CopyFeatures "I:\5004 - Information Systems\47071222_Oxford_SHLAA_Review\project_files\Data\Project_Data_2016_WebMerc1.mdb\SHLAA_Sites_Supplement_Doc_Jan2015" "I:\5004 - Information Systems\47071222_Oxford_SHLAA_Review\project_files\Data\Project_Data_2016_WebMerc.gdb\SHLAA_Sites_Supplement_Doc_Jan2015" # 0 0 0</Process><Process ToolSource="c:\program files (x86)\arcgis\desktop10.2\ArcToolbox\Toolboxes\Data Management Tools.tbx\CalculateField" Date="20160418" Time="101256" Name="" export="">CalculateField SHLAA_Sites_AECOM_Amended_Apr2016 Site_Age "Existing" VB #</Process><Process ToolSource="c:\program files (x86)\arcgis\desktop10.2\ArcToolbox\Toolboxes\Data Management Tools.tbx\CalculateField" Date="20160418" Time="115419" Name="" export="">CalculateField SHLAA_Sites_AECOM_Amended_Apr2016 Edit_Date "18/04/2016" VB #</Process><Process ToolSource="c:\program files (x86)\arcgis\desktop10.2\ArcToolbox\Toolboxes\Data Management Tools.tbx\CalculateField" Date="20160418" Time="115431" Name="" export="">CalculateField SHLAA_Sites_AECOM_Amended_Apr2016 EditUser "Jo Waters (AECOM)" VB #</Process><Process ToolSource="c:\program files (x86)\arcgis\desktop10.2\ArcToolbox\Toolboxes\Data Management Tools.tbx\CalculateField" Date="20160418" Time="121607" Name="" export="">CalculateField SHLAA_Sites_AECOM_Amended_Apr2016 Category null VB #</Process><Process ToolSource="c:\program files (x86)\arcgis\desktop10.2\ArcToolbox\Toolboxes\Data Management Tools.tbx\CalculateField" Date="20160418" Time="122004" Name="" export="">CalculateField SHLAA_Sites_AECOM_Amended_Apr2016 Edit_Date "18/04/2016" VB #</Process><Process ToolSource="c:\program files (x86)\arcgis\desktop10.2\ArcToolbox\Toolboxes\Data Management Tools.tbx\CalculateField" Date="20160418" Time="122016" Name="" export="">CalculateField SHLAA_Sites_AECOM_Amended_Apr2016 EditUser "Jo Waters (AECOM)"
 VB #</Process><Process ToolSource="c:\program files (x86)\arcgis\desktop10.2\ArcToolbox\Toolboxes\Data Management Tools.tbx\CalculateField" Date="20160418" Time="122635" Name="" export="">CalculateField SHLAA_Sites_AECOM_Amended_Apr2016 Edit_Date "18/04/2016" VB #</Process><Process ToolSource="c:\program files (x86)\arcgis\desktop10.2\ArcToolbox\Toolboxes\Data Management Tools.tbx\CalculateField" Date="20160418" Time="122647" Name="" export="">CalculateField SHLAA_Sites_AECOM_Amended_Apr2016 EditUser "Jo Waters (AECOM)" VB #</Process><Process ToolSource="c:\program files (x86)\arcgis\desktop10.3\ArcToolbox\Toolboxes\Data Management Tools.tbx\CalculateField" Date="20160623" Time="173431" Name="" export="">CalculateField "SHLAA Sites\SHLAA Sites AECOM Amended Apr2016" Address [Site] VB #</Process><Process ToolSource="c:\program files (x86)\arcgis\desktop10.3\ArcToolbox\Toolboxes\Data Management Tools.tbx\CalculateField" Date="20160630" Time="162828">CalculateField "SHLAA Sites\SHLAA Sites AECOM Amended Apr2016" Site_Age "New 2016" VB #</Process><Process ToolSource="c:\program files (x86)\arcgis\desktop10.3\ArcToolbox\Toolboxes\Data Management Tools.tbx\CalculateField" Date="20160630" Time="162952">CalculateField "SHLAA Sites\SHLAA Sites AECOM Amended Apr2016" Edit_Date "24/06/2016" VB #</Process><Process ToolSource="c:\program files (x86)\arcgis\desktop10.3\ArcToolbox\Toolboxes\Data Management Tools.tbx\CalculateField" Date="20170106" Time="122030">CalculateField "HELAA Greenfield" Reference rtrim([Reference]) VB #</Process></lineage><itemProps><itemLocation><linkage Sync="TRUE">file://\\S14-VM-XN6-C03\C$\Users\lhiggins\Desktop\Temp shape\PreferredOptionsSites.shp</linkage><protocol Sync="TRUE">Local Area Network</protocol></itemLocation><itemName Sync="TRUE">PreferredOptionsSites</itemName><imsContentType Sync="TRUE">002</imsContentType><nativeExtBox><westBL Sync="TRUE">448098.107302</westBL><eastBL Sync="TRUE">457012.850740</eastBL><southBL Sync="TRUE">201784.263092</southBL><northBL Sync="TRUE">211092.016715</northBL><exTypeCode Sync="TRUE">1</exTypeCode></nativeExtBox><itemSize Sync="TRUE">0.000</itemSize></itemProps><coordRef><type Sync="TRUE">Projected</type><geogcsn Sync="TRUE">GCS_OSGB_1936</geogcsn><csUnits Sync="TRUE">Linear Unit: Meter (1.000000)</csUnits><projcsn Sync="TRUE">British_National_Grid</projcsn><peXml Sync="TRUE">&lt;ProjectedCoordinateSystem xsi:type='typens:ProjectedCoordinateSystem' xmlns:xsi='http://www.w3.org/2001/XMLSchema-instance' xmlns:xs='http://www.w3.org/2001/XMLSchema' xmlns:typens='http://www.esri.com/schemas/ArcGIS/10.3'&gt;&lt;WKT&gt;PROJCS[&amp;quot;British_National_Grid&amp;quot;,GEOGCS[&amp;quot;GCS_OSGB_1936&amp;quot;,DATUM[&amp;quot;D_OSGB_1936&amp;quot;,SPHEROID[&amp;quot;Airy_1830&amp;quot;,6377563.396,299.3249646]],PRIMEM[&amp;quot;Greenwich&amp;quot;,0.0],UNIT[&amp;quot;Degree&amp;quot;,0.0174532925199433]],PROJECTION[&amp;quot;Transverse_Mercator&amp;quot;],PARAMETER[&amp;quot;False_Easting&amp;quot;,400000.0],PARAMETER[&amp;quot;False_Northing&amp;quot;,-100000.0],PARAMETER[&amp;quot;Central_Meridian&amp;quot;,-2.0],PARAMETER[&amp;quot;Scale_Factor&amp;quot;,0.9996012717],PARAMETER[&amp;quot;Latitude_Of_Origin&amp;quot;,49.0],UNIT[&amp;quot;Meter&amp;quot;,1.0],AUTHORITY[&amp;quot;EPSG&amp;quot;,27700]]&lt;/WKT&gt;&lt;XOrigin&gt;-5220400&lt;/XOrigin&gt;&lt;YOrigin&gt;-15524400&lt;/YOrigin&gt;&lt;XYScale&gt;450481592.76709664&lt;/XYScale&gt;&lt;ZOrigin&gt;-100000&lt;/ZOrigin&gt;&lt;ZScale&gt;10000&lt;/ZScale&gt;&lt;MOrigin&gt;-100000&lt;/MOrigin&gt;&lt;MScale&gt;10000&lt;/MScale&gt;&lt;XYTolerance&gt;0.001&lt;/XYTolerance&gt;&lt;ZTolerance&gt;0.001&lt;/ZTolerance&gt;&lt;MTolerance&gt;0.001&lt;/MTolerance&gt;&lt;HighPrecision&gt;true&lt;/HighPrecision&gt;&lt;WKID&gt;27700&lt;/WKID&gt;&lt;LatestWKID&gt;27700&lt;/LatestWKID&gt;&lt;/ProjectedCoordinateSystem&gt;</peXml></coordRef></DataProperties><SyncDate>20170807</SyncDate><SyncTime>14444600</SyncTime><ModDate>20170807</ModDate><ModTime>14444600</ModTime><ArcGISFormat>1.0</ArcGISFormat><scaleRange><minScale>150000000</minScale><maxScale>5000</maxScale></scaleRange><ArcGISProfile>ItemDescription</ArcGISProfile></Esri><idinfo><native Sync="TRUE">Microsoft Windows XP Version 5.1 (Build 2600) Service Pack 3; ESRI ArcCatalog 9.3.1.4000</native><descript><langdata Sync="TRUE">en</langdata><abstract>REQUIRED: A brief narrative summary of the data set.</abstract><purpose>REQUIRED: A summary of the intentions with which the data set was developed.</purpose></descript><citation><citeinfo><origin>REQUIRED: The name of an organization or individual that developed the data set.</origin><pubdate>REQUIRED: The date when the data set is published or otherwise made available for release.</pubdate><title Sync="TRUE">SiteAllocations</title><ftname Sync="TRUE">SiteAllocations</ftname><geoform Sync="TRUE">vector digital data</geoform><onlink Sync="TRUE">\\occ.Local\Applications\Mapdata\Planning\Laura Goddard\LDF Projects\POLICIES MAP\Policies Map Adopted 2013.gdb</onlink></citeinfo></citation><timeperd><current>REQUIRED: The basis on which the time period of content information is determined.</current><timeinfo><sngdate><caldate>REQUIRED: The year (and optionally month, or month and day) for which the data set corresponds to the ground.</caldate></sngdate></timeinfo></timeperd><status><progress>REQUIRED: The state of the data set.</progress><update>REQUIRED: The frequency with which changes and additions are made to the data set after the initial data set is completed.</update></status><spdom><bounding><westbc Sync="TRUE">-1.301959</westbc><eastbc Sync="TRUE">-1.173184</eastbc><northbc Sync="TRUE">51.795790</northbc><southbc Sync="TRUE">51.711437</southbc></bounding><lboundng><leftbc Sync="TRUE">448222.599068</leftbc><rightbc Sync="TRUE">457014.381204</rightbc><bottombc Sync="TRUE">201784.826443</bottombc><topbc Sync="TRUE">211074.579668</topbc></lboundng></spdom><keywords><theme><themekt>REQUIRED: Reference to a formally registered thesaurus or a similar authoritative source of theme keywords.</themekt><themekey>REQUIRED: Common-use word or phrase used to describe the subject of the data set.</themekey></theme></keywords><accconst>REQUIRED: Restrictions and legal prerequisites for accessing the data set.</accconst><useconst>REQUIRED: Restrictions and legal prerequisites for using the data set after access is granted.</useconst><natvform Sync="TRUE">File Geodatabase Feature Class</natvform></idinfo><dataIdInfo><envirDesc Sync="TRUE">Microsoft Windows Server 2008 R2 Version 6.1 (Build 7601) Service Pack 1; Esri ArcGIS 10.3.1.4959</envirDesc><dataLang><languageCode Sync="TRUE" value="eng"/><countryCode value="GBR" Sync="TRUE"/></dataLang><idCitation><resTitle Sync="TRUE">PreferredOptionsSites</resTitle><presForm><PresFormCd Sync="TRUE" value="005"/></presForm></idCitation><spatRpType><SpatRepTypCd Sync="TRUE" value="001"/></spatRpType><dataExt><geoEle><GeoBndBox esriExtentType="native"><westBL Sync="TRUE">448222.599068</westBL><eastBL Sync="TRUE">457014.381204</eastBL><northBL Sync="TRUE">211074.579668</northBL><southBL Sync="TRUE">201784.826443</southBL><exTypeCode Sync="TRUE">1</exTypeCode></GeoBndBox></geoEle></dataExt><geoBox esriExtentType="decdegrees"><westBL Sync="TRUE">-1.301959</westBL><eastBL Sync="TRUE">-1.173184</eastBL><northBL Sync="TRUE">51.79579</northBL><southBL Sync="TRUE">51.711437</southBL><exTypeCode Sync="TRUE">1</exTypeCode></geoBox><dataExt><geoEle xmlns=""><GeoBndBox esriExtentType="search"><exTypeCode Sync="TRUE">1</exTypeCode><westBL Sync="TRUE">-1.303761</westBL><eastBL Sync="TRUE">-1.173203</eastBL><northBL Sync="TRUE">51.795958</northBL><southBL Sync="TRUE">51.711432</southBL></GeoBndBox></geoEle></dataExt><idAbs>&lt;DIV STYLE="text-align:Left;"&gt;&lt;P&gt;&lt;SPAN&gt;Most recent SHLAA layer, AECOM have made amendments led by Una McGaughrin. This will be sent to the client eventually.&lt;/SPAN&gt;&lt;/P&gt;&lt;P&gt;&lt;SPAN&gt;NOTE: the feature classes in the geodatabase are currently projected to Web Mercator. If any area calculations are required please change the data frame to BNG and transform the data BEFORE calculating geometry. Equally if data is to be sent to the client please transform first.&lt;/SPAN&gt;&lt;/P&gt;&lt;/DIV&gt;</idAbs></dataIdInfo><metainfo><langmeta Sync="TRUE">en</langmeta><metstdn Sync="TRUE">FGDC Content Standards for Digital Geospatial Metadata</metstdn><metstdv Sync="TRUE">FGDC-STD-001-1998</metstdv><mettc Sync="TRUE">local time</mettc><metc><cntinfo><cntorgp><cntper>REQUIRED: The person responsible for the metadata information.</cntper><cntorg>REQUIRED: The organization responsible for the metadata information.</cntorg></cntorgp><cntaddr><addrtype>REQUIRED: The mailing and/or physical address for the organization or individual.</addrtype><city>REQUIRED: The city of the address.</city><state>REQUIRED: The state or province of the address.</state><postal>REQUIRED: The ZIP or other postal code of the address.</postal></cntaddr><cntvoice>REQUIRED: The telephone number by which individuals can speak to the organization or individual.</cntvoice></cntinfo></metc><metd Sync="TRUE">20130225</metd></metainfo><mdLang><languageCode Sync="TRUE" value="eng"/><countryCode value="GBR" Sync="TRUE"/></mdLang><mdStanName Sync="TRUE">ISO 19115 Geographic Information - Metadata</mdStanName><mdStanVer Sync="TRUE">DIS_ESRI1.0</mdStanVer><mdChar><CharSetCd Sync="TRUE" value="004"/></mdChar><mdHrLv><ScopeCd Sync="TRUE" value="005"/></mdHrLv><mdHrLvName Sync="TRUE">dataset</mdHrLvName><distinfo><resdesc Sync="TRUE">Downloadable Data</resdesc><stdorder><digform><digtinfo><transize Sync="TRUE">0.000</transize><dssize Sync="TRUE">0.000</dssize></digtinfo></digform></stdorder></distinfo><distInfo><distributor><distorTran><onLineSrc><orDesc Sync="TRUE">002</orDesc><linkage Sync="TRUE">file://\\occ.Local\Applications\Mapdata\Planning\Laura Goddard\LDF Projects\POLICIES MAP\Policies Map Adopted 2013.gdb</linkage><protocol Sync="TRUE">Local Area Network</protocol></onLineSrc><transSize Sync="TRUE">0.000</transSize></distorTran><distorFormat><formatName Sync="TRUE">File Geodatabase Feature Class</formatName></distorFormat></distributor><distFormat><formatName Sync="TRUE">Shapefile</formatName></distFormat><distTranOps><transSize Sync="TRUE">0.000</transSize></distTranOps></distInfo><spdoinfo><direct Sync="TRUE">Vector</direct><ptvctinf><esriterm Name="PreferredOptionsSites"><efeatyp Sync="TRUE">Simple</efeatyp><efeageom code="4" Sync="TRUE"></efeageom><esritopo Sync="TRUE">FALSE</esritopo><efeacnt Sync="TRUE">0</efeacnt><spindex Sync="TRUE">FALSE</spindex><linrefer Sync="TRUE">FALSE</linrefer></esriterm></ptvctinf></spdoinfo><spref><horizsys><cordsysn><geogcsn Sync="TRUE">GCS_OSGB_1936</geogcsn><projcsn Sync="TRUE">British_National_Grid</projcsn></cordsysn><planar><planci><plance Sync="TRUE">coordinate pair</plance><plandu Sync="TRUE">meters</plandu><coordrep><absres Sync="TRUE">0.000100</absres><ordres Sync="TRUE">0.000100</ordres></coordrep></planci></planar><geodetic><horizdn Sync="TRUE">D_OSGB_1936</horizdn><ellips Sync="TRUE">Airy_1830</ellips><semiaxis Sync="TRUE">6377563.396000</semiaxis><denflat Sync="TRUE">299.324965</denflat></geodetic></horizsys><vertdef><altsys><altenc Sync="TRUE">Explicit elevation coordinate included with horizontal coordinates</altenc><altres Sync="TRUE">0.000010</altres></altsys></vertdef></spref><refSysInfo><RefSystem><refSysID><identCode Sync="TRUE" code="27700">British_National_Grid</identCode><idCodeSpace Sync="TRUE">EPSG</idCodeSpace><idVersion Sync="TRUE">8.6.2</idVersion></refSysID></RefSystem></refSysInfo><spatRepInfo><VectSpatRep><geometObjs Name="PreferredOptionsSites"><geoObjTyp><GeoObjTypCd value="002" Sync="TRUE"></GeoObjTypCd></geoObjTyp><geoObjCnt Sync="TRUE">0</geoObjCnt></geometObjs><topLvl><TopoLevCd value="001" Sync="TRUE"></TopoLevCd></topLvl></VectSpatRep></spatRepInfo><eainfo><detailed Name="PreferredOptionsSites"><enttyp><enttypl Sync="TRUE">PreferredOptionsSites</enttypl><enttypt Sync="TRUE">Feature Class</enttypt><enttypc Sync="TRUE">0</enttypc></enttyp><attr><attrlabl Sync="TRUE">FID</attrlabl><attalias Sync="TRUE">FID</attalias><attrtype Sync="TRUE">OID</attrtype><attwidth Sync="TRUE">4</attwidth><atprecis Sync="TRUE">0</atprecis><attscale Sync="TRUE">0</attscale><attrdef Sync="TRUE">Internal feature number.</attrdef><attrdefs Sync="TRUE">Esri</attrdefs><attrdomv><udom Sync="TRUE">Sequential unique whole numbers that are automatically generated.</udom></attrdomv></attr><attr><attrlabl Sync="TRUE">OBJECTID</attrlabl><attalias Sync="TRUE">OBJECTID</attalias><attrtype Sync="TRUE">Integer</attrtype><attwidth Sync="TRUE">10</attwidth><atprecis Sync="TRUE">10</atprecis><attscale Sync="TRUE">0</attscale><attrdef Sync="TRUE">Internal feature number.</attrdef><attrdefs Sync="TRUE">ESRI</attrdefs><attrdomv><udom Sync="TRUE">Sequential unique whole numbers that are automatically generated.</udom></attrdomv></attr><attr><attrlabl Sync="TRUE">Shape</attrlabl><attalias Sync="TRUE">Shape</attalias><attrtype Sync="TRUE">Geometry</attrtype><attwidth Sync="TRUE">0</attwidth><atprecis Sync="TRUE">0</atprecis><attscale Sync="TRUE">0</attscale><attrdef Sync="TRUE">Feature geometry.</attrdef><attrdefs Sync="TRUE">ESRI</attrdefs><attrdomv><udom Sync="TRUE">Coordinates defining the features.</udom></attrdomv></attr><attr><attrlabl Sync="TRUE">Site</attrlabl><attalias Sync="TRUE">Site</attalias><attrtype Sync="TRUE">String</attrtype><attwidth Sync="TRUE">50</attwidth><atprecis Sync="TRUE">0</atprecis><attscale Sync="TRUE">0</attscale></attr><attr><attrlabl Sync="TRUE">Reference</attrlabl><attalias Sync="TRUE">Reference</attalias><attrtype Sync="TRUE">String</attrtype><attwidth Sync="TRUE">10</attwidth><atprecis Sync="TRUE">0</atprecis><attscale Sync="TRUE">0</attscale></attr><attr><attrlabl Sync="TRUE">Category</attrlabl><attalias Sync="TRUE">Category</attalias><attrtype Sync="TRUE">String</attrtype><attwidth Sync="TRUE">50</attwidth><atprecis Sync="TRUE">0</atprecis><attscale Sync="TRUE">0</attscale></attr><attr><attrlabl Sync="TRUE">Acc_Rej</attrlabl><attalias Sync="TRUE">Acc_Rej</attalias><attrtype Sync="TRUE">String</attrtype><attwidth Sync="TRUE">20</attwidth><atprecis Sync="TRUE">0</atprecis><attscale Sync="TRUE">0</attscale></attr><attr><attrlabl Sync="TRUE">Shape_Leng</attrlabl><attalias Sync="TRUE">Shape_Leng</attalias><attrtype Sync="TRUE">Double</attrtype><attwidth Sync="TRUE">19</attwidth><atprecis Sync="TRUE">0</atprecis><attscale Sync="TRUE">0</attscale></attr><attr><attrlabl Sync="TRUE">Shape_Area</attrlabl><attalias Sync="TRUE">Shape_Area</attalias><attrtype Sync="TRUE">Double</attrtype><attwidth Sync="TRUE">19</attwidth><attrdef Sync="TRUE">Area of feature in internal units squared.</attrdef><attrdefs Sync="TRUE">ESRI</attrdefs><attrdomv><udom Sync="TRUE">Positive real numbers that are automatically generated.</udom></attrdomv><atprecis Sync="TRUE">0</atprecis><attscale Sync="TRUE">0</attscale></attr><attr><attrlabl Sync="TRUE">Site_Age</attrlabl><attalias Sync="TRUE">Site_Age</attalias><attrtype Sync="TRUE">String</attrtype><attwidth Sync="TRUE">50</attwidth><atprecis Sync="TRUE">0</atprecis><attscale Sync="TRUE">0</attscale></attr><attr><attrlabl Sync="TRUE">AECOM_Edit</attrlabl><attalias Sync="TRUE">AECOM_Edit</attalias><attrtype Sync="TRUE">String</attrtype><attwidth Sync="TRUE">254</attwidth><atprecis Sync="TRUE">0</atprecis><attscale Sync="TRUE">0</attscale></attr><attr><attrlabl Sync="TRUE">Edit_Date</attrlabl><attalias Sync="TRUE">Edit_Date</attalias><attrtype Sync="TRUE">Date</attrtype><attwidth Sync="TRUE">8</attwidth><atprecis Sync="TRUE">0</atprecis><attscale Sync="TRUE">0</attscale></attr><attr><attrlabl Sync="TRUE">EditUser</attrlabl><attalias Sync="TRUE">EditUser</attalias><attrtype Sync="TRUE">String</attrtype><attwidth Sync="TRUE">20</attwidth><atprecis Sync="TRUE">0</atprecis><attscale Sync="TRUE">0</attscale></attr><attr><attrlabl Sync="TRUE">AreaHA</attrlabl><attalias Sync="TRUE">AreaHA</attalias><attrtype Sync="TRUE">Double</attrtype><attwidth Sync="TRUE">19</attwidth><atprecis Sync="TRUE">0</atprecis><attscale Sync="TRUE">0</attscale></attr><attr><attrlabl Sync="TRUE">AreaM</attrlabl><attalias Sync="TRUE">AreaM</attalias><attrtype Sync="TRUE">Double</attrtype><attwidth Sync="TRUE">19</attwidth><atprecis Sync="TRUE">0</atprecis><attscale Sync="TRUE">0</attscale></attr><attr><attrlabl Sync="TRUE">Address</attrlabl><attalias Sync="TRUE">Address</attalias><attrtype Sync="TRUE">String</attrtype><attwidth Sync="TRUE">250</attwidth><atprecis Sync="TRUE">0</atprecis><attscale Sync="TRUE">0</attscale></attr><attr><attrlabl Sync="TRUE">Brwn_Grn</attrlabl><attalias Sync="TRUE">Brwn_Grn</attalias><attrtype Sync="TRUE">String</attrtype><attwidth Sync="TRUE">50</attwidth><atprecis Sync="TRUE">0</atprecis><attscale Sync="TRUE">0</attscale></attr><attr><attrlabl Sync="TRUE">Rejected</attrlabl><attalias Sync="TRUE">Rejected</attalias><attrtype Sync="TRUE">String</attrtype><attwidth Sync="TRUE">50</attwidth><atprecis Sync="TRUE">0</atprecis><attscale Sync="TRUE">0</attscale></attr><attr><attrlabl Sync="TRUE">Recomended</attrlabl><attalias Sync="TRUE">Recomended</attalias><attrtype Sync="TRUE">String</attrtype><attwidth Sync="TRUE">50</attwidth><atprecis Sync="TRUE">0</atprecis><attscale Sync="TRUE">0</attscale></attr><attr><attrlabl Sync="TRUE">GI</attrlabl><attalias Sync="TRUE">GI</attalias><attrtype Sync="TRUE">String</attrtype><attwidth Sync="TRUE">50</attwidth><atprecis Sync="TRUE">0</atprecis><attscale Sync="TRUE">0</attscale></attr></detailed></eainfo><mdDateSt Sync="TRUE">20170807</mdDateSt></metadata>
